<?xml version="1.0" encoding="utf-8" ?>
<odoo>

    <record id="secuencia_presupuesto_pelicula" model="ir.sequence">
        <field name ="name">Secuencia para presupuestos de peliculas</field>
        <field name="implementation">no_gap</field>
        <field name="code">secuencia.presupuesto.pelicula</field>
        <field name="prefix">PRESUP-</field>
        <field name="suffix">-%(year)s</field>
        <field name="padding">3</field>
        <field name="number_increment">1</field>
    </record>



</odoo>